{"version":"1.0.1","keys":["resale_seating_message","transfer_seating_message"],"localisations":[{"lang":"en","strings":{"resale_seating_message":"We suggest selling your seats together as a group in order to ensure fans stay safe and socially distanced.","transfer_seating_message":"Only transfer tickets to people you know and trust to ensure everyone stays safe and socially distanced."},"regions":[{"region":"au","strings":{"transfer_seating_message":"Only forward tickets to people you know and trust to ensure everyone’s safety."}}]},{"lang":"fr-ca","strings":{"resale_seating_message":"Nous vous conseillons de vendre vos sièges en bloc afin d’assurer la sécurité des fans et de favoriser la distanciation sociale.","transfer_seating_message":"Ne transférez des billets qu’aux personnes que vous connaissez et en qui vous avez confiance. Vous assurerez ainsi la sécurité de chacun et favoriserez la distanciation sociale."},"regions":null}]}